/charles-marshall/short-journal /charles-marshall/journal-selection 301
/samuel-crisp/letters /samuel-crisp/life-and-letters 301
/samuel-crisp/life-letters /samuel-crisp/life-and-letters 301
/jane-pearson/journal /jane-pearson/life 301
/compilations/truth-in-the-inward-parts /compilations/truth-in-the-inward-parts-v1 301
/catherine-payton/journal-selection /catherine-payton/life-and-letters-selection 301
/john-crook/life /john-crook/life-selection 301
/samuel-fothergill/life-letters /samuel-fothergill/life-and-letters 301
